style,content
小红书,宝宝们！😍这条连衣裙真的美到我心巴上了！✨超绝收腰设计，一秒掐出小蛮腰，显瘦又显气质，直接变身温柔在逃公主👑！面料软糯亲肤，透气不闷汗，夏天穿舒服又出片，日常约会都超合适～#OOTD #显瘦穿搭 #连衣裙推荐
朋友圈,今日份营业📷。生活不只有琐碎日常，也有藏在穿搭里的小精致。👔简约高级，舒适自在，不刻意讨好，只取悦自己。☕️
京东电商,【【官方正品】2024 夏季新款透气休闲裤。精选高支数精梳纯棉面料，吸湿透气、柔软亲肤，久穿不易变形不起球。立体修身剪裁，修饰腿型显高显瘦，商务通勤、日常休闲、居家出行都合适，百搭耐穿更实用。
小红书,谁懂啊家人们！😭这双鞋我真的能穿一整个夏天！👟踩屎感直接拉满，软乎乎巨舒服，暴走两万步都不磨脚不酸痛！颜值还超高，百搭各种穿搭，日常出门闭眼冲就对了！🔥
朋友圈,被问爆的早秋穿搭来了🍂。一件有质感的经典卡其色风衣，足以承包整个秋天的氛围感。利落版型，高级耐看，喜欢这种松弛又自在的感觉。
京东电商,【限时特惠】智能降噪无线耳机。40dB 深度主动降噪，隔绝嘈杂环境，静享 HiFi 级纯净音质。30 小时超长续航，充电无忧告别电量焦虑。人体工学轻量化设计，佩戴稳固舒适，久戴不痛。
抖音直播,来来来直播间的家人们看过来！👀这件爆款外套最后 50 件库存！手慢直接无！⚠️专柜原价 599，今天直播间宠粉价只要 299！面料抗皱免烫，懒人闭眼入，百搭又显瘦！赶紧去拍 1 号链接！手速要快！👇
小红书,怕晒黑的姐妹集合！☀️这件满级防晒衣我真的无限回购！UPF50 + 高倍防晒，紫外线直接拜拜～上身巨轻薄透气，像没穿一样舒服！颜色都超显白，素颜穿也超好看，夏天刚需！🍧
朋友圈,生活需要仪式感，穿搭亦是。👗换一种风格，换一份心情。今日份复古氛围感，温柔又有故事。🎞️
京东电商,家用全自动智能咖啡机。一键萃取操作简单，20Bar 高压泵强劲萃取，咖啡油脂丰厚浓郁，还原门店级口感。不锈钢耐用机身，坚固易清洁，在家轻松享受现磨咖啡，每天都有精致生活。
小红书,换季平价爱用洁面 干皮敏感肌，坐标北方，使用感受如下1.珂润：无色无味，洗后不拔干。泡沫按压头，但是泡沫没有薇诺娜的细腻。有补充装可以重复使用，环境友好。2.薇诺娜：无色，微微有一点药味，洗后不拔干，泡沫按压头细腻。3.瑷尔博士：无色透明凝胶状，有清香气味，易起泡，洗后不拔干。按压头不是泡沫的，不好控制用量，按压容易挤到别的地方。#干皮洗面奶 #不刺激敏感肌可用 #洁面 #平价洗面奶 #干净不刺激的洁面
朋友圈,2026春夏系列 焕新来袭🎉精致廓形剪裁｜时髦百搭，从容穿型多场景  春日灵动色彩｜诠释都市自在风格  多元配饰｜质感出众，装点时髦型格
淘宝电商,以精致的刺绣、撞色元素演绎智性与时髦的精彩碰撞「TW-25春夏学院家居服系列」在传统与个性中延续品牌经典学院DNA 感受独特的藤校氛围。2025 和小熊一起 BACKTO SCHOOL向青春与梦想致敬！
小红书,❄️冬日贵气大小姐的斗篷大衣✖8️⃣冬天一定要有一件这样的斗篷大衣！毛绒绒的领子衬的人特别像小说里无忧无虑的千金大小姐🥰~~下面这几家都是我买回来测评过滴 价格有高有低，可以根据自己的预算选择  厚度不是特别薄的那种，想拿来当约会或者过年穿也不会太隆重！下身配针织半身裙或者牛仔裤都可. 两种不同风格的味道啦~~✅戳左下角🔗上1688🔍get同款#秋冬穿搭 #斗篷大衣 #1688购物分享 #穿搭干货 ##毛呢外套 #高级感秋冬大衣穿搭 #大衣 #秋冬氛围感穿搭 #千金感穿搭 #贵气感
淘宝电商,【自营】法国进口红酒晚收甜红葡萄酒女士低度数微醺晚安热红酒©三大优势 “甜白常有但晚收甜红不常有  .大自然的缪斯 晚收葡萄自带馥郁香甜:晚收葡萄1000~1200颗才能酿制一瓶，产量低，滴滴珍贵.独特的精致小方瓶 颜值仪式感拉满:仪式感满满，不知道送礼送什么，露颂甜红小方瓶很合适~.甜而不腻 口感甜润馥郁易入口:葡萄经自然脱水浓缩，细腻的酸度恰到好处的中和了浓郁甜味
朋友圈,速度条纹 复古新生  Formotion X 三单元 缓震清晰可见  EVA鞋床+织物鞋面 轻量贴合👏橡胶大底 稳抓城市街道🥰多处标识 细节呼应经典
小红书,酒鬼严选（穷人版）由于主包本人为抠搜酒鬼一枚😇饮酒多、酒精消耗量极大，所以灰常追求性价比！！这四个大便宜苯人又来狠狠回购不心疼！！	1️⃣罗密尔花园莫斯卡托 11.5度，100r 半甜！度数略高但是没啥酒精味！柚子、柑橘、茉莉花、桃子~风味很清新的一支，想微醺就选它